{"stats":{"minecraft:used":{"minecraft:sea_lantern":1,"minecraft:dirt":455,"minecraft:stripped_oak_log":2,"minecraft:stone":35,"minecraft:spruce_sign":1,"minecraft:grass_block":13},"minecraft:picked_up":{"minecraft:spruce_sign":1},"minecraft:custom":{"minecraft:jump":71,"minecraft:time_since_rest":2721,"minecraft:leave_game":1,"minecraft:deaths":2,"minecraft:crouch_one_cm":182,"minecraft:walk_on_water_one_cm":12069,"minecraft:sprint_one_cm":61872,"minecraft:play_time":24162,"minecraft:damage_taken":250,"minecraft:time_since_death":2701,"minecraft:walk_one_cm":23418,"minecraft:sneak_time":1472,"minecraft:total_world_time":24162,"minecraft:walk_under_water_one_cm":6349,"minecraft:swim_one_cm":133,"minecraft:fall_one_cm":3305,"minecraft:fly_one_cm":403044}},"DataVersion":2730}