{"stats":{"minecraft:custom":{"minecraft:time_since_rest":131836,"minecraft:sprint_one_cm":31643,"minecraft:walk_one_cm":104977,"minecraft:inspect_hopper":16,"minecraft:fly_one_cm":1063747,"minecraft:open_barrel":15,"minecraft:play_one_minute":131836,"minecraft:crouch_one_cm":11143,"minecraft:sneak_time":6290,"minecraft:jump":169,"minecraft:leave_game":3,"minecraft:time_since_death":131836,"minecraft:walk_on_water_one_cm":102,"minecraft:climb_one_cm":2623},"minecraft:picked_up":{"minecraft:lantern":1,"minecraft:wheat_seeds":23,"minecraft:oak_sapling":1},"minecraft:used":{"minecraft:oak_log":200,"minecraft:dark_oak_stairs":102,"minecraft:lever":16,"minecraft:stripped_birch_log":187,"minecraft:grass_block":25,"minecraft:lantern":66,"minecraft:dead_horn_coral_block":2,"minecraft:spruce_slab":1066,"minecraft:redstone":204,"minecraft:ladder":27,"minecraft:oak_sign":1,"minecraft:dark_oak_slab":1203,"minecraft:spruce_trapdoor":385,"minecraft:spruce_sign":152,"minecraft:spruce_fence_gate":219,"minecraft:barrel":79,"minecraft:dark_oak_trapdoor":102,"minecraft:dirt":59,"minecraft:redstone_lamp":210,"minecraft:stripped_dark_oak_log":808,"minecraft:oak_slab":413,"minecraft:hopper":8,"minecraft:dead_fire_coral_block":3,"minecraft:spruce_stairs":623,"minecraft:andesite":19,"minecraft:campfire":229,"minecraft:stripped_oak_log":392,"minecraft:dead_bubble_coral_block":89,"minecraft:spruce_fence":266,"minecraft:dead_brain_coral_block":4,"minecraft:splash_potion":417,"minecraft:stripped_spruce_log":615}},"DataVersion":2586}