{"stats":{"minecraft:used":{"minecraft:crimson_stem":1,"minecraft:wheat_seeds":14,"minecraft:peony":23,"minecraft:oak_trapdoor":36,"minecraft:dark_oak_stairs":109,"minecraft:water_bucket":140,"minecraft:nether_brick_wall":28,"minecraft:rose_bush":18,"minecraft:enchanting_table":1,"minecraft:wither_skeleton_skull":1,"minecraft:cobblestone_stairs":129,"minecraft:dirt_path":280,"minecraft:pink_glazed_terracotta":129,"minecraft:brick_wall":2,"minecraft:light_gray_stained_glass_pane":169,"minecraft:flint_and_steel":58,"minecraft:birch_planks":46,"minecraft:poppy":3,"minecraft:armor_stand":2,"minecraft:dark_oak_sign":1,"minecraft:spruce_slab":309,"minecraft:polished_andesite":6,"minecraft:red_nether_bricks":29,"minecraft:oak_planks":62,"minecraft:chest":52,"minecraft:spruce_planks":135,"minecraft:ender_chest":2,"minecraft:stone":49,"minecraft:creeper_head":1,"minecraft:white_shulker_box":17,"minecraft:spruce_sign":2,"minecraft:stripped_birch_wood":173,"minecraft:spruce_fence_gate":119,"minecraft:netherrack":4,"minecraft:warped_roots":1,"minecraft:pink_concrete":43,"minecraft:dark_oak_trapdoor":52,"minecraft:dirt":63,"minecraft:golden_hoe":30,"minecraft:soul_sand":3,"minecraft:sand":41,"minecraft:anvil":2,"minecraft:stripped_dark_oak_log":35,"minecraft:tnt":53,"minecraft:oak_slab":220,"minecraft:hopper":1,"minecraft:twisting_vines":1,"minecraft:spruce_stairs":156,"minecraft:nether_bricks":14,"minecraft:birch_sign":1,"minecraft:black_banner":31,"minecraft:allium":3,"minecraft:stone_stairs":34,"minecraft:campfire":8,"minecraft:sponge":12,"minecraft:acacia_sapling":1,"minecraft:painting":14,"minecraft:spruce_fence":127,"minecraft:warped_planks":181,"minecraft:azure_bluet":2,"minecraft:spruce_log":4,"minecraft:nether_brick_stairs":33,"minecraft:pumpkin_seeds":1,"minecraft:birch_fence":13,"minecraft:birch_door":1,"minecraft:oak_log":76,"minecraft:glass":2,"minecraft:dark_oak_planks":176,"minecraft:cornflower":2,"minecraft:lava_bucket":5,"minecraft:oxeye_daisy":2,"minecraft:bookshelf":18,"minecraft:red_tulip":2,"minecraft:birch_fence_gate":22,"minecraft:acacia_door":1,"minecraft:dark_oak_log":61,"minecraft:sunflower":7,"minecraft:zombie_head":1,"minecraft:grass_block":1426,"minecraft:lantern":41,"minecraft:oak_stairs":172,"minecraft:blue_orchid":3,"minecraft:oak_button":1,"minecraft:spruce_button":1,"minecraft:warped_slab":1,"minecraft:lectern":1,"minecraft:dark_oak_slab":183,"minecraft:spruce_trapdoor":102,"minecraft:iron_door":3,"minecraft:pink_stained_glass_pane":8,"minecraft:gravel":4,"minecraft:melon_seeds":1,"minecraft:flowering_azalea_leaves":3,"minecraft:barrel":38,"minecraft:lilac":25,"minecraft:polished_andesite_slab":26,"minecraft:cobblestone":229,"minecraft:azalea_leaves":1,"minecraft:furnace":23,"minecraft:dark_oak_fence":24,"minecraft:gray_bed":5,"minecraft:beetroot_seeds":14,"minecraft:chain":7,"minecraft:pink_stained_glass":20,"minecraft:wither_rose":3,"minecraft:skeleton_skull":1,"minecraft:polished_blackstone_button":2,"minecraft:stone_pressure_plate":2,"minecraft:stripped_oak_log":49,"minecraft:dragon_head":3,"minecraft:dandelion":2,"minecraft:jukebox":6,"minecraft:bone_meal":20,"minecraft:splash_potion":270,"minecraft:birch_stairs":14,"minecraft:dark_oak_sapling":1},"minecraft:dropped":{"minecraft:water_bucket":2,"minecraft:gravel":1,"minecraft:wheat_seeds":2,"minecraft:pumpkin_seeds":2,"minecraft:grass_block":2,"minecraft:lava_bucket":2,"minecraft:cobblestone_stairs":1,"minecraft:warped_slab":1,"minecraft:beetroot_seeds":2,"minecraft:melon_seeds":1,"minecraft:painting":1},"minecraft:picked_up":{"minecraft:azure_bluet":6,"minecraft:water_bucket":2,"minecraft:cornflower":1,"minecraft:wheat_seeds":200,"minecraft:poppy":1,"minecraft:lava_bucket":1,"minecraft:sand":264,"minecraft:pumpkin_seeds":1,"minecraft:beetroot_seeds":1,"minecraft:pink_glazed_terracotta":16,"minecraft:polished_blackstone_button":2,"minecraft:painting":2,"minecraft:melon_seeds":1,"minecraft:cobblestone":35},"minecraft:custom":{"minecraft:inspect_hopper":1,"minecraft:open_barrel":5,"minecraft:leave_game":16,"minecraft:time_since_death":47011,"minecraft:climb_one_cm":2145,"minecraft:time_since_rest":47031,"minecraft:sprint_one_cm":29810,"minecraft:damage_taken":3340,"minecraft:walk_one_cm":444917,"minecraft:drop":17,"minecraft:damage_dealt":46,"minecraft:swim_one_cm":59064,"minecraft:fly_one_cm":5911990,"minecraft:open_chest":1,"minecraft:crouch_one_cm":2588,"minecraft:play_time":510764,"minecraft:deaths":8,"minecraft:sneak_time":1910,"minecraft:walk_under_water_one_cm":203544,"minecraft:jump":435,"minecraft:walk_on_water_one_cm":111282,"minecraft:total_world_time":510764,"minecraft:fall_one_cm":35595}},"DataVersion":2730}