{"stats":{"minecraft:used":{"minecraft:dark_oak_stairs":180,"minecraft:water_bucket":8,"minecraft:end_rod":1,"minecraft:pink_glazed_terracotta":6,"minecraft:brain_coral_fan":18,"minecraft:stripped_birch_log":29,"minecraft:spruce_slab":199,"minecraft:redstone":44,"minecraft:spruce_sign":5,"minecraft:white_dye":1,"minecraft:glow_ink_sac":1,"minecraft:grass":1,"minecraft:spruce_fence_gate":261,"minecraft:dark_oak_trapdoor":7,"minecraft:dirt":14,"minecraft:comparator":12,"minecraft:anvil":7,"minecraft:stripped_dark_oak_log":470,"minecraft:oak_slab":68,"minecraft:hopper":7,"minecraft:spruce_stairs":16,"minecraft:acacia_leaves":50,"minecraft:campfire":54,"minecraft:jungle_trapdoor":47,"minecraft:lingering_potion":5,"minecraft:spruce_fence":136,"minecraft:dead_brain_coral_block":70,"minecraft:spruce_log":1,"minecraft:andesite_wall":41,"minecraft:oak_log":317,"minecraft:dark_oak_planks":50,"minecraft:lever":11,"minecraft:flower_pot":8,"minecraft:sea_lantern":5,"minecraft:lava_bucket":1,"minecraft:dark_oak_log":2,"minecraft:command_block":20,"minecraft:spruce_wood":4,"minecraft:lantern":94,"minecraft:grass_block":131,"minecraft:birch_sapling":27,"minecraft:polished_andesite_stairs":36,"minecraft:dark_oak_slab":76,"minecraft:spruce_trapdoor":159,"minecraft:tropical_fish_spawn_egg":71,"minecraft:pink_wool":48,"minecraft:flowering_azalea_leaves":105,"minecraft:barrel":37,"minecraft:polished_andesite_slab":154,"minecraft:glowstone":40,"minecraft:repeater":29,"minecraft:salmon_spawn_egg":1,"minecraft:andesite":107,"minecraft:pink_stained_glass":6,"minecraft:sea_pickle":36,"minecraft:smooth_stone_slab":72,"minecraft:polished_blackstone_button":6,"minecraft:stone_pressure_plate":12,"minecraft:stripped_oak_log":100,"minecraft:dead_bubble_coral_block":6,"minecraft:kelp":51,"minecraft:seagrass":135,"minecraft:bone_meal":47,"minecraft:splash_potion":64},"minecraft:dropped":{"minecraft:lever":1,"minecraft:lantern":1},"minecraft:picked_up":{"minecraft:splash_potion":1,"minecraft:ladder":29,"minecraft:glow_ink_sac":1,"minecraft:andesite":1,"minecraft:redstone_lamp":1,"minecraft:oak_log":1,"minecraft:stripped_birch_log":1,"minecraft:dirt":1,"minecraft:dark_oak_trapdoor":1,"minecraft:lantern":5,"minecraft:oak_sign":1,"minecraft:spruce_slab":1,"minecraft:dark_oak_stairs":1,"minecraft:oak_slab":2,"minecraft:dark_oak_slab":1,"minecraft:oak_fence":1,"minecraft:spruce_stairs":1,"minecraft:spruce_fence":2,"minecraft:lava_bucket":1,"minecraft:stripped_spruce_log":1,"minecraft:redstone":1,"minecraft:sea_lantern":1,"minecraft:barrel":1,"minecraft:spruce_fence_gate":2,"minecraft:command_block":1,"minecraft:campfire":1,"minecraft:lever":4,"minecraft:polished_blackstone_button":5,"minecraft:dead_bubble_coral_block":1,"minecraft:grass":1,"minecraft:spruce_sign":3,"minecraft:stripped_dark_oak_log":1,"minecraft:hopper":1},"minecraft:custom":{"minecraft:interact_with_anvil":1,"minecraft:inspect_hopper":1,"minecraft:open_barrel":5,"minecraft:pot_flower":8,"minecraft:leave_game":15,"minecraft:time_since_death":99863,"minecraft:climb_one_cm":11691,"minecraft:time_since_rest":99883,"minecraft:walk_one_cm":174013,"minecraft:sprint_one_cm":23541,"minecraft:damage_taken":3010,"minecraft:drop":2,"minecraft:swim_one_cm":295,"minecraft:fly_one_cm":2554402,"minecraft:crouch_one_cm":4670,"minecraft:play_time":296356,"minecraft:deaths":9,"minecraft:sneak_time":19666,"minecraft:walk_under_water_one_cm":40353,"minecraft:jump":551,"minecraft:walk_on_water_one_cm":18974,"minecraft:total_world_time":301066,"minecraft:fall_one_cm":32359}},"DataVersion":2730}