{"stats":{"minecraft:used":{"minecraft:polished_deepslate_stairs":35,"minecraft:moss_block":1,"minecraft:glass":63,"minecraft:water_bucket":583,"minecraft:light":283,"minecraft:sea_lantern":62,"minecraft:lava_bucket":53,"minecraft:cobblestone_stairs":16,"minecraft:dirt_path":12,"minecraft:pink_glazed_terracotta":1,"minecraft:flint_and_steel":57,"minecraft:snow_block":393,"minecraft:carved_pumpkin":219,"minecraft:lantern":17,"minecraft:grass_block":2697,"minecraft:barrier":7,"minecraft:birch_sapling":2,"minecraft:acacia_slab":1,"minecraft:crimson_slab":2,"minecraft:ender_pearl":8,"minecraft:stone":137,"minecraft:bell":12,"minecraft:soul_lantern":2,"minecraft:mossy_cobblestone":30,"minecraft:magma_block":103,"minecraft:sand":274,"minecraft:cobblestone":205,"minecraft:snow":36,"minecraft:oak_slab":2,"minecraft:tnt":70,"minecraft:deepslate_tile_stairs":30,"minecraft:acacia_leaves":12,"minecraft:campfire":2,"minecraft:goat_spawn_egg":56,"minecraft:acacia_planks":2,"minecraft:snowball":16,"minecraft:bone_meal":22},"minecraft:dropped":{"minecraft:campfire":1},"minecraft:picked_up":{"minecraft:andesite":20,"minecraft:diorite":15,"minecraft:dirt":134,"minecraft:dark_oak_fence":2,"minecraft:coal":1,"minecraft:snowball":46,"minecraft:cobblestone":263},"minecraft:custom":{"minecraft:time_since_rest":87477,"minecraft:sprint_one_cm":28717,"minecraft:damage_taken":876,"minecraft:walk_one_cm":152783,"minecraft:drop":1,"minecraft:swim_one_cm":14229,"minecraft:fly_one_cm":2035832,"minecraft:crouch_one_cm":15911,"minecraft:play_time":289275,"minecraft:deaths":6,"minecraft:sneak_time":20638,"minecraft:bell_ring":1,"minecraft:walk_under_water_one_cm":1478059,"minecraft:jump":360,"minecraft:leave_game":6,"minecraft:time_since_death":87457,"minecraft:walk_on_water_one_cm":278217,"minecraft:total_world_time":289275,"minecraft:fall_one_cm":9436}},"DataVersion":2730}